{
  "mapCollections": {
    "java": {
      "map": {
        "/Users/gt/Documents/Projects/Mastercard/Quantum_Safe_Explorer/MC-QSE/sample_files/VulnerableCryptoExample.java": {
          "path": "/Users/gt/Documents/Projects/Mastercard/Quantum_Safe_Explorer/MC-QSE/sample_files/VulnerableCryptoExample.java",
          "totalLinesOfCode": 199,
          "activeLinesOfCode": 137,
          "methodDefined": 18,
          "methodCalls": 104,
          "variables": 60
        },
        "/Users/gt/Documents/Projects/Mastercard/Quantum_Safe_Explorer/MC-QSE/sample_files/WeakCryptoVulnerabilities.java": {
          "path": "/Users/gt/Documents/Projects/Mastercard/Quantum_Safe_Explorer/MC-QSE/sample_files/WeakCryptoVulnerabilities.java",
          "totalLinesOfCode": 378,
          "activeLinesOfCode": 208,
          "methodDefined": 29,
          "methodCalls": 147,
          "variables": 85
        }
      }
    }
  }
}
